{
  "project_info": {
    "project_number": "704655230875",
    "project_id": "tictactoe-5f76b",
    "storage_bucket": "tictactoe-5f76b.appspot.com"
  },
  "client": [
    {
      "client_info": {
        "mobilesdk_app_id": "1:704655230875:android:2414a5df2ec9e171dec33e",
        "android_client_info": {
          "package_name": "com.example.tictactoe"
        }
      },
      "oauth_client": [
        {
          "client_id": "704655230875-7476318qvcblglk57bdfugfdvu0tfvps.apps.googleusercontent.com",
          "client_type": 3
        }
      ],
      "api_key": [
        {
          "current_key": "AIzaSyCvQBgWxQhTozbT1Ew06lBfDx2s4-jwh3s"
        }
      ],
      "services": {
        "appinvite_service": {
          "other_platform_oauth_client": [
            {
              "client_id": "704655230875-7476318qvcblglk57bdfugfdvu0tfvps.apps.googleusercontent.com",
              "client_type": 3
            }
          ]
        }
      }
    }
  ],
  "configuration_version": "1"
}